Type,Name,Request Count,Failure Count,Median Response Time,Average Response Time,Min Response Time,Max Response Time,Average Content Size,Requests/s,Failures/s,50%,66%,75%,80%,90%,95%,98%,99%,99.9%,99.99%,100%
GET,GET /api/dashboard,53,0,6,12.061373132108304,4.816462000235333,77.22850999925868,449.0,3.803644778173334,0.0,6,6,7,7,16,66,69,77,77,77,77
GET,GET /api/health,35,0,4,7.592161342836334,2.714280999498442,56.57737299952714,94.0,2.5118408912465413,0.0,4,5,5,5,6,49,57,57,57,57,57
GET,GET /api/today,15,0,5,8.743960600259015,3.6264520003896905,64.19050200020138,530.0,1.0765032391056606,0.0,5,5,5,6,6,64,64,64,64,64,64
GET,GET /api/villages,38,0,7,11.420600842125408,4.58871199953137,73.5715809987596,1206.0,2.727141539067673,0.0,7,7,8,8,11,71,74,74,74,74,74
GET,GET /api/villages/:id,38,0,5,5.514785342184998,3.796823999437038,10.524275001444039,285.4736842105263,2.727141539067673,0.0,5,6,6,6,8,11,11,11,11,11,11
GET,GET /api/villages/:id/plants,38,0,5,5.412154210668967,3.538806000506156,9.825178000028245,440.44736842105266,2.727141539067673,0.0,5,5,6,6,8,9,10,10,10,10,10
,Aggregated,217,0,5,8.68822288946596,2.714280999498442,77.22850999925868,499.7695852534562,15.573413525728556,0.0,5,6,7,7,9,42,66,71,77,77,77
